"","joy","sadness","surprise","anger","fear","disgust"
"’ve",0,0,0,0,4,0
"<U+653C><U+3E64><U+613C><U+3E30><U+623C><U+3E63><U+653C><U+3E64><U+623C><U+3E37><U+613C><U+3E38><U+653C><U+3E64><U+613C><U+3E30><U+623C><U+3E63><U+653C><U+3E64><U+623C><U+3E37><U+613C><U+3E36>",1,0,0,0,0,0
"<U+653C><U+3E64><U+613C><U+3E30><U+623C><U+3E64><U+653C><U+3E64><U+623C><U+3E38><U+383C><U+3E31>",1,0,0,0,0,0
"<U+653C><U+3E64><U+613C><U+3E30><U+623C><U+3E64><U+653C><U+3E64><U+623C><U+3E38><U+383C><U+3E61>",1,0,0,0,0,0
"abc",8,0,0,0,0,0
"abnormalities",3,0,0,0,0,0
"abnorms",1,0,0,0,0,0
"abstracts",1,0,0,3,0,0
"abt",1,0,0,0,0,0
"academic",2,0,0,0,0,0
"accepted",2,0,0,0,0,0
"access",0,0,0,0,0,1
"accessible",1,0,0,0,0,0
"accurately",0,0,1,0,0,0
"activity",2,0,0,0,0,0
"adaptation",1,0,0,0,0,0
"addition",1,0,0,0,0,0
"address",14,0,0,5,0,0
"addressinglb",1,0,0,0,0,0
"addressyou",1,0,0,0,0,0
"admire",3,0,0,0,0,0
"adrenaline",1,0,0,0,0,0
"affect",1,0,0,0,0,0
"affirms",1,0,0,0,0,0
"afraid",0,0,0,0,1,0
"africa",1,0,0,2,0,0
"afternoon",1,0,0,0,0,0
"againashg",15,0,0,0,0,0
"agbt",0,1,0,0,0,0
"age",0,1,0,0,0,0
"agree",2,0,0,0,0,0
"ahead",0,0,4,0,0,0
"almost",1,0,0,0,0,0
"already",12,0,0,3,4,0
"also",7,1,0,3,0,0
"altitude",0,0,0,1,0,0
"alumni",1,0,0,0,0,0
"always",1,0,0,0,0,0
"always…",0,1,0,0,0,0
"alwaysnervousbeforespeaking",1,0,0,0,0,0
"amazing",0,0,2,0,0,0
"american",1,0,0,0,0,0
"among",0,0,0,2,0,0
"amount",0,0,0,1,0,0
"amp",17,2,3,0,0,0
"analysis",2,2,0,0,0,0
"analysisashg",0,0,1,0,0,0
"andgenomes",6,0,0,0,0,0
"andmouthyou",4,0,0,0,0,0
"andrew",2,0,0,0,0,0
"aneurysm",0,0,0,3,0,0
"aneurysms",0,1,0,0,0,0
"annual",0,1,0,0,0,0
"another",1,0,0,0,0,0
"answer",1,0,0,0,0,0
"antagonism",0,0,0,1,0,0
"anybody",4,0,0,0,0,0
"anyone",1,0,0,0,0,0
"aortic",4,1,0,0,0,0
"apes",1,0,0,0,0,0
"app",1,0,0,0,0,0
"appear",1,0,1,0,0,0
"appears",0,0,1,0,0,0
"apprise",1,0,0,0,0,0
"approval",1,0,0,0,0,0
"aps",1,0,0,0,0,0
"apsashg",1,0,0,0,0,0
"area",4,0,0,0,0,0
"arms",0,0,0,1,0,1
"around",1,3,0,0,0,0
"arrive",1,0,0,0,0,0
"arrived",3,0,0,0,0,1
"arriving",0,0,2,0,0,0
"ashg",306,44,38,29,12,3
"ashg…",4,0,0,1,0,0
"ashgannual",1,0,0,0,0,0
"ashgfirst",0,0,0,0,2,0
"ashgi",1,0,0,0,0,0
"ashgjoin",3,0,0,0,0,0
"ashgminute",9,0,0,0,0,0
"ashgseveral",0,0,4,0,0,0
"ashgthose",0,1,0,0,0,0
"asia",1,0,0,0,0,0
"ask",0,0,0,1,0,0
"asked",1,1,0,0,0,0
"assays",2,0,0,0,0,0
"assembly",6,0,0,0,0,0
"assessment",3,0,0,0,0,0
"associated",0,0,0,1,0,0
"association",1,0,0,2,0,0
"assumption",0,0,0,1,0,0
"atam",1,0,0,0,0,0
"atambooth",0,1,0,0,0,0
"atashg",1,0,0,0,0,0
"atcell",0,0,0,0,1,0
"atin",4,0,0,0,0,0
"atlistening",1,0,0,0,0,0
"attend",1,0,0,0,0,0
"attendees",3,0,0,0,0,0
"attending",1,1,0,0,0,0
"attitude",1,0,0,0,0,0
"audience",2,1,0,0,2,0
"autoimmune",0,0,6,0,0,0
"autosomal",0,0,1,0,0,0
"awake",0,3,0,0,0,0
"award",1,0,0,0,0,0
"awardmakingproud",1,0,0,0,0,0
"awards",1,0,0,0,0,0
"away",0,0,0,3,0,0
"awesome",2,1,0,0,0,0
"backpack",1,0,0,0,0,0
"bad",0,8,0,0,0,0
"badge",0,2,2,0,0,0
"balancing",0,0,0,1,0,0
"ballroom",10,1,0,0,0,0
"bang",1,0,0,0,0,0
"bar",3,0,0,0,0,0
"basak",0,0,0,1,0,0
"based",2,0,0,0,0,0
"basically",1,0,0,0,0,0
"bay",4,0,0,0,0,0
"baylor",1,0,0,0,0,0
"bcla",2,0,0,5,0,0
"bcm",1,0,0,0,0,0
"bear",1,0,0,0,0,0
"beat",0,0,2,0,0,0
"beautiful",4,0,0,0,0,0
"beauty",0,1,0,0,0,0
"bedroom",2,0,0,0,0,0
"begin",0,2,0,0,0,0
"begins",1,0,0,0,0,0
"beingmiles",0,0,0,3,0,0
"bella",2,0,0,0,0,0
"bench",1,0,0,0,0,0
"benefit",5,0,0,0,0,0
"betathalassemia",1,0,0,0,0,0
"better",2,0,0,0,0,0
"biased",1,0,0,0,0,0
"big",5,0,0,0,1,0
"billing",1,0,0,0,0,0
"bio",0,0,0,3,0,0
"bioinformatics",0,0,0,0,4,0
"bioinformaticswgsproject",1,0,0,0,0,0
"biomarkers",3,0,0,0,0,0
"biomarkersashg",1,0,0,0,0,0
"bipolar",1,0,0,0,0,0
"bitter",0,0,0,2,0,0
"blessing",5,0,2,0,2,0
"blot",1,0,0,0,0,0
"bmi",0,2,0,0,0,0
"bold",0,0,1,0,0,0
"bombshell",0,0,0,0,1,0
"book",0,3,0,0,0,0
"booth",7,1,1,0,0,0
"boothand",4,0,0,0,0,0
"boothashg",2,0,0,0,0,0
"boothin",0,3,0,0,0,0
"boothis",0,2,0,0,0,0
"box",0,0,0,1,0,0
"boy",0,0,0,0,0,1
"boycott",1,0,0,0,0,0
"bread",5,0,0,0,0,0
"breaker",1,0,0,0,0,0
"brenner",2,0,0,0,0,0
"bright",0,0,2,0,0,0
"brings",1,0,0,1,0,0
"broad",3,0,0,0,0,0
"broadcast",1,0,0,0,0,0
"broccoli",0,0,0,1,0,0
"brought",1,0,0,0,0,0
"browserashg",1,0,0,0,0,0
"brussel",0,0,0,1,0,0
"btwn",1,0,0,0,0,0
"budget",1,0,0,0,0,0
"build",1,0,0,0,0,0
"bummed",1,0,0,0,0,0
"burned",1,0,0,0,0,0
"byproduct",1,0,0,0,0,0
"byunfortunately",1,0,0,0,0,0
"byweeks",0,1,0,0,0,0
"cad",3,0,0,0,0,0
"calculate",2,0,0,0,0,0
"call",0,0,1,1,0,0
"called",1,0,0,0,1,0
"calls",1,0,1,0,0,0
"camp",0,1,0,0,0,0
"can",4,3,0,0,0,1
"canada",3,0,0,0,0,0
"canadian",1,0,2,0,0,0
"cancer",0,0,0,3,0,0
"cant",2,1,0,0,1,0
"car",0,1,0,0,0,0
"cardiac",8,0,0,0,0,0
"cardio",1,0,0,0,0,0
"cardiovascular",6,0,0,0,0,0
"cardon",0,1,0,0,0,0
"care",4,0,0,0,0,0
"carealso",0,1,0,0,0,0
"career",1,1,0,1,0,0
"cash",2,0,0,0,0,0
"catalog",3,0,0,0,0,0
"catalogs",5,0,0,0,0,0
"catalogue",1,0,0,0,0,0
"catchy",1,0,0,0,0,0
"caterpillars",1,0,0,0,0,0
"cause",0,1,0,0,0,0
"caused",0,0,0,1,0,0
"cell",2,0,0,0,0,0
"cells",1,0,0,0,0,0
"center",2,0,0,0,1,0
"centre",2,0,0,0,0,0
"ceremony",3,0,2,0,0,0
"chainexp",1,0,0,0,0,0
"chairjoins",3,0,0,0,0,0
"chance",1,2,0,0,0,0
"change",1,0,0,0,0,0
"changes",1,0,0,0,0,0
"charge",2,0,0,0,0,0
"chart",0,12,0,0,0,0
"check",4,0,0,0,0,0
"checkashg",0,0,1,0,0,0
"childs",1,0,0,0,0,0
"chip",1,0,0,0,0,0
"chips",9,0,0,0,0,0
"chipseq",2,0,0,0,0,0
"choice",1,0,0,0,0,0
"chromosome",2,0,0,0,0,0
"chromosomes",0,1,0,1,0,0
"circular",0,1,0,0,0,0
"cis",1,0,0,0,0,0
"citations",0,0,4,0,0,0
"city",2,1,0,0,0,0
"claims",1,0,0,0,0,0
"clamms",0,0,1,0,0,0
"clin",3,0,0,0,0,0
"clinic",1,0,0,0,0,0
"clinical",4,1,0,0,0,0
"clinician",1,0,0,0,0,0
"clinvar",1,0,0,0,0,0
"clock",0,1,0,0,0,0
"close",3,0,0,0,0,0
"cluster",0,1,0,0,0,0
"cnv",0,0,0,2,0,0
"cnvs",0,0,2,0,0,0
"codes",0,0,1,0,0,0
"coincidence",1,0,0,0,0,0
"collaboration",1,0,0,0,0,0
"collaborators",1,0,0,0,0,0
"colleagues",2,0,0,0,0,0
"colonialism",13,0,0,0,0,0
"columbia",1,2,0,0,0,0
"combine",0,6,0,0,0,0
"combined",0,0,1,0,0,0
"come",5,3,8,3,0,0
"coming",8,0,0,0,0,0
"commfor",1,0,0,0,0,0
"committee",0,0,0,0,1,0
"common",0,0,1,0,0,0
"communities",0,1,0,0,0,0
"community",1,0,0,0,0,0
"compare",0,1,0,0,0,0
"compendium",6,0,0,0,0,0
"compendiumashg",2,0,0,0,0,0
"complements",1,0,0,0,0,0
"complete",0,0,16,0,0,0
"complex",0,0,1,0,0,0
"complicated",0,0,1,1,0,0
"composition",1,0,0,0,0,0
"comprehensive",2,0,0,0,0,0
"comprnabiol",1,0,0,0,0,0
"compute",0,0,1,0,0,0
"computer",1,0,0,0,0,0
"concierge",2,0,0,0,0,0
"condition",2,0,0,0,0,0
"conditional",2,0,0,0,0,0
"conditions",0,0,0,1,0,0
"conf",2,0,0,0,0,0
"confe…",1,0,0,0,0,0
"conference",6,1,0,0,2,0
"confirmed",1,0,0,0,0,0
"congratulations",1,0,0,0,0,0
"connect",1,0,0,0,0,0
"connected",0,1,0,0,0,0
"connick",1,0,0,0,0,0
"cons",1,0,0,0,0,0
"consensus",2,0,0,0,0,0
"consistently",1,0,0,0,0,0
"consortiumashg",1,0,0,0,0,0
"constant",0,0,1,0,0,0
"contact",7,0,0,0,0,0
"contacts",2,0,0,0,0,0
"containing",1,0,0,0,0,0
"content",7,0,0,0,0,0
"contente",1,0,0,0,0,0
"context",1,0,0,0,0,0
"control",0,0,0,0,0,1
"controls",1,0,0,0,0,0
"convention",1,0,0,0,0,0
"conversations",1,0,0,0,0,0
"conviction",2,0,0,0,0,0
"cool",2,0,0,0,0,0
"copy",0,4,0,0,0,0
"correct",0,0,0,0,1,0
"correlated",0,1,0,0,0,0
"correlates",2,0,0,0,0,0
"coverage",1,0,0,0,0,0
"crap",1,0,0,0,0,0
"created",1,0,0,0,0,0
"crispr",1,0,1,0,0,0
"culture",2,0,0,0,1,0
"cultures",1,0,0,0,0,0
"curious",1,0,0,0,0,0
"cutting",0,0,0,1,0,0
"cvd",1,0,0,0,0,0
"cyp",0,0,0,2,0,0
"daily",1,0,0,0,0,0
"damp",1,0,0,0,0,0
"danger",1,0,0,0,0,0
"dark",0,1,0,0,0,0
"data",16,2,0,0,0,1
"dataashg",1,0,0,0,0,0
"datacents",0,0,1,0,0,0
"datading",1,0,0,0,0,0
"dataresults",12,0,0,0,0,0
"dataset",1,0,0,0,0,0
"date",3,0,0,0,0,0
"day",4,7,7,0,0,0
"dayat",2,0,0,0,0,0
"daymeeting",3,0,0,0,0,0
"dayof",1,0,0,0,0,0
"dddifferential",1,0,0,0,0,0
"death",1,0,0,0,0,1
"deciding",3,0,0,0,0,0
"delayedinsfo",1,0,0,0,0,0
"dele…",1,0,0,0,0,0
"deletion",1,0,0,0,0,0
"delighted",1,0,0,0,0,0
"delivering",0,0,0,0,1,0
"demonstrate",0,0,0,2,0,0
"depends",3,0,0,0,0,0
"depleted",1,0,0,0,0,0
"derive",1,0,0,0,0,0
"derived",1,0,0,0,0,0
"designtoilets",2,0,0,0,0,0
"desparation",1,0,0,0,0,0
"desperate",1,0,0,0,0,0
"despite",0,0,0,4,0,0
"detail",0,0,0,1,0,0
"details",2,0,0,1,0,0
"detected",0,0,0,2,0,0
"determined",0,0,0,1,0,0
"dev",0,0,0,3,0,0
"develop",0,0,0,1,0,0
"developing",0,0,0,1,0,0
"development",1,0,0,0,0,0
"developmental",1,0,0,0,0,0
"developmenttools",1,0,0,0,0,0
"developmentyes",1,0,0,0,0,0
"devil",0,0,0,1,0,0
"diagram",0,6,0,0,0,0
"diagrams",0,0,0,0,4,0
"diane",4,0,0,0,0,0
"dickel",7,0,0,0,0,0
"dickelashg",1,0,0,0,0,0
"diego",1,0,0,0,0,0
"diet",0,0,0,2,0,0
"dietz",14,2,0,1,0,0
"dietzhuman",0,0,0,1,0,0
"dietzs",0,0,0,1,0,0
"diff",2,1,0,1,0,0
"differ",1,0,0,0,0,0
"differences",2,0,0,0,0,0
"different",2,0,0,0,0,0
"differently",1,0,0,0,0,0
"difficult",0,0,0,2,0,0
"ding",2,0,0,0,0,0
"dinner",2,0,0,0,0,0
"direct",1,0,0,0,0,0
"discerned",3,0,0,0,0,0
"discovehr",4,0,0,0,0,0
"discoveries",3,0,0,0,0,0
"discussion",2,0,0,0,0,0
"discussions",2,0,0,0,0,0
"disease",8,0,0,0,0,0
"diseased",2,0,0,0,0,0
"diseasegood",1,0,0,0,0,0
"diseaseof",0,0,3,0,0,0
"diseases",2,0,0,0,0,0
"diseasespecific",0,0,0,2,0,0
"diseaseyes",3,0,0,0,0,0
"disomy",0,0,0,1,0,0
"disorder",1,0,3,0,0,0
"disorders",2,1,0,0,0,0
"distribution",2,0,0,0,0,0
"diversity",2,0,0,0,0,0
"doctorsneedpens",1,0,0,0,0,0
"doesn’t",1,0,0,0,0,0
"don",0,1,0,0,0,0
"don’t",1,0,0,0,0,0
"done",2,1,0,0,0,0
"dont",2,1,0,1,0,0
"downbut",1,0,0,0,0,0
"downtown",3,0,1,0,0,0
"drinks",2,0,0,0,0,0
"dropped",1,0,0,0,1,0
"due",3,0,0,1,0,0
"dying",1,0,0,0,0,0
"dysfunction",1,0,0,0,0,0
"eagle",2,0,0,0,0,0
"early",3,4,2,0,0,0
"earlycareer",0,0,1,0,0,0
"earnest",1,0,0,0,0,0
"easily",1,0,0,0,0,0
"east",0,1,0,1,0,0
"eberwine",0,2,0,0,0,0
"echocardiogram",1,0,0,0,0,0
"ecoconscious",1,0,0,0,0,0
"editorial",6,0,0,0,0,0
"educational",1,0,0,0,0,0
"effect",0,1,1,0,0,0
"effects",4,0,3,0,0,0
"ehr",5,2,0,0,0,0
"ehrcompared",0,1,0,0,0,0
"ehrderived",1,0,0,0,0,0
"ehrs",4,0,0,0,0,0
"either",1,0,0,0,0,0
"elec",2,0,0,0,0,0
"electronic",2,0,0,0,0,0
"embryo",1,0,0,0,0,0
"emerg",4,0,0,0,0,0
"emergency",5,0,0,0,0,0
"emphasis",1,0,0,0,0,0
"encode",2,0,0,0,0,0
"end",5,0,0,0,0,0
"ends",1,0,0,0,0,0
"enhancer",23,0,0,0,1,0
"enhancernull",1,0,0,0,0,0
"enhancers",17,0,0,2,0,0
"enhancersashg",1,0,0,0,0,0
"enhancersdiane",1,0,0,0,0,0
"enhancersvista",1,0,0,0,0,0
"enjoy",3,0,0,0,0,0
"entire",3,0,0,0,0,0
"epigenetics",3,0,0,0,0,0
"epigenomics",1,0,0,0,0,0
"epistasis",0,1,0,0,0,0
"epistasisour",0,0,1,0,0,0
"equitable",1,0,0,0,0,0
"errors",2,0,0,0,0,0
"escape",3,0,0,0,0,0
"escorted",0,0,0,0,1,0
"essential",1,0,0,0,0,0
"established",1,0,0,0,0,0
"estimate",0,1,0,0,0,0
"estimated",1,0,0,0,0,0
"estimates",1,1,0,0,0,0
"estimatesexcellent",1,0,0,0,0,0
"etc",1,0,0,0,0,0
"ethical",1,0,0,0,0,0
"europe",0,0,0,1,0,0
"european",2,0,0,0,0,0
"europemiddle",0,0,0,1,0,0
"evaluation",2,0,0,0,0,0
"evan",1,0,0,0,0,0
"even",0,0,0,0,4,0
"evening",4,0,0,0,0,0
"event",4,0,0,0,0,0
"events",1,0,0,0,0,0
"ever",0,1,0,0,0,0
"every",1,5,0,0,0,0
"everyone",2,0,0,0,0,0
"evidence",1,0,0,0,0,0
"evolution",1,0,0,0,0,0
"evolutionary",1,0,0,0,0,0
"exac",6,0,0,0,0,0
"example",4,2,0,0,0,0
"examples",1,0,0,0,0,0
"excellent",1,0,0,0,0,0
"excited",3,0,8,0,0,0
"excitement",1,0,0,0,0,0
"exciting",4,0,0,0,0,0
"excludedgiven",0,0,3,0,0,0
"exhibitor",1,0,0,0,0,0
"existing",4,0,0,0,0,0
"exome",0,0,1,0,0,0
"exomes",1,0,0,0,0,0
"expect",1,0,0,0,0,0
"experience",2,0,0,0,0,0
"explains",1,0,0,0,0,0
"exploring",1,0,0,0,0,0
"expression",3,0,0,2,0,0
"expts",1,0,0,0,0,0
"extract",1,0,0,0,0,0
"fact…",2,0,0,0,0,0
"factors",1,0,0,0,0,0
"failure",4,0,0,0,0,0
"fair",0,0,1,0,0,0
"fall",1,1,0,0,0,0
"false",1,0,0,0,0,0
"fam",1,0,0,0,0,0
"familial",4,0,0,0,0,0
"familiar",1,0,0,0,0,0
"families",2,0,0,0,0,0
"family",5,5,0,0,0,0
"familylegal",0,0,0,0,0,1
"fantastic",2,0,1,0,0,0
"far",1,0,0,0,0,0
"fascinating",1,0,0,0,0,0
"fasterashg",0,0,1,0,0,0
"fate",1,0,0,0,0,0
"favourite",1,0,0,0,0,0
"fdr",0,1,0,0,0,0
"fear",0,0,0,0,1,0
"feature",9,0,0,0,0,0
"featured",3,0,0,0,0,0
"fell",1,0,0,0,0,0
"fetal",1,0,0,2,0,0
"fhsummit",1,0,0,0,0,0
"field",3,0,0,0,0,0
"fill",0,5,0,0,0,0
"filter",1,0,0,0,0,0
"find",0,0,7,3,0,0
"finding",0,1,0,0,0,0
"findings",2,1,0,0,0,0
"firm",2,0,0,0,0,0
"first",11,1,2,0,0,0
"first…",1,0,0,0,0,0
"firstlast",3,0,0,0,0,0
"firstnations",1,0,1,0,0,0
"fit",0,0,0,2,0,0
"floor",2,0,0,0,0,0
"flowing",1,0,0,0,0,0
"focus",1,0,0,0,0,0
"focused",0,0,0,1,0,0
"foliage",1,0,0,0,0,0
"follow",2,0,0,0,0,0
"followercome",1,0,0,0,0,0
"followfor",1,0,0,0,0,0
"food",2,0,0,0,0,0
"fooled",0,1,0,0,0,0
"forests",1,0,0,0,0,0
"forget",0,1,0,0,0,0
"form",0,5,0,0,0,0
"forward",9,0,0,0,0,0
"found",2,1,0,0,0,0
"free",4,0,0,0,0,0
"frequency",0,0,0,1,0,0
"fresh",1,0,0,0,0,0
"friend",1,0,0,0,0,0
"fromcountries",3,0,0,0,0,0
"front",0,0,0,0,1,0
"full",9,1,0,0,0,0
"fulllength",1,0,0,0,0,0
"fun",2,0,1,0,0,0
"functional",5,0,0,0,0,0
"fuselli",0,0,0,2,0,0
"future",15,0,0,0,0,0
"gagh",2,0,0,0,0,0
"gagh…",1,0,0,0,0,0
"gartler",1,0,0,0,1,0
"gathering",2,0,0,0,0,0
"gcmantra",0,0,0,1,0,0
"geisingermycode",1,0,0,0,0,0
"gelateria",2,0,0,0,0,0
"gene",5,0,1,4,0,0
"genes",6,0,0,0,0,0
"genetic",2,1,16,0,0,1
"genetically",1,0,0,0,0,0
"geneticist",1,0,0,0,0,0
"genetics",45,3,1,4,0,0
"geneticssociety",2,3,1,0,0,0
"geneticsstrength",1,0,0,0,0,0
"genome",2,6,1,0,0,0
"genomewide",3,0,0,0,0,0
"genomics",7,4,1,3,0,0
"genomics…",1,0,0,0,0,0
"genotyping",0,1,0,0,0,0
"get",5,33,0,0,0,0
"giab",1,0,0,0,0,0
"gift",2,0,1,0,0,0
"give",2,0,0,0,0,0
"given",0,0,1,0,0,0
"gja",1,0,0,0,0,0
"glad",2,0,0,0,0,0
"global",1,0,0,0,0,0
"goand",0,0,0,0,2,0
"god",1,0,0,0,0,0
"gof",0,0,0,1,0,0
"going",2,3,0,0,0,0
"good",38,1,0,0,0,0
"google",0,2,0,0,0,0
"gorgeous",1,0,0,0,0,0
"gorilla",1,0,0,0,0,0
"got",3,0,0,0,0,0
"gpcr",0,0,0,1,0,0
"grab",1,0,0,0,0,0
"grcgiab",7,0,0,1,0,0
"great",74,0,0,4,0,0
"greet",1,0,0,0,0,0
"greetcongrats",0,0,1,0,0,0
"grimmond",0,2,0,0,0,0
"grizzly",1,0,0,0,0,0
"gross",1,0,0,0,0,0
"gtk",2,0,0,0,0,0
"guys",1,0,0,0,0,0
"gwa…",1,0,0,0,0,0
"gwas",5,2,0,0,0,0
"hal",12,2,0,3,1,0
"half",1,0,0,0,0,0
"handful",0,0,0,3,0,0
"haploid",2,0,0,0,0,0
"haplotype",0,0,0,1,0,0
"happy",5,0,0,0,0,0
"hard",0,2,0,0,0,0
"harry",1,0,0,0,0,0
"hasheritability",1,0,0,0,0,0
"hasn’t",0,0,0,0,4,0
"hat",1,0,0,1,0,0
"hate",0,0,0,3,0,0
"haveears",4,0,0,0,0,0
"havereceived",0,0,4,0,0,0
"hdpatients",2,0,0,0,0,0
"hdreminds",1,0,0,0,0,0
"head",1,0,0,0,0,0
"headed",1,0,1,0,0,0
"heads",4,0,0,0,0,0
"health",6,1,0,0,0,0
"healthy",6,0,0,0,0,0
"hear",1,1,0,0,0,0
"heart",50,0,0,0,0,0
"height",0,3,0,0,0,0
"heightin",1,0,0,0,0,0
"hela",0,0,0,0,1,0
"held",2,0,0,0,0,0
"helmetmask",1,0,0,0,0,0
"help",2,0,0,0,0,0
"helps",0,1,0,0,0,1
"hemoglobin",1,0,0,0,0,0
"herit",3,0,0,0,0,0
"heritability",2,2,0,0,0,0
"heritability…",1,0,0,0,0,0
"heritabilityn",1,0,0,0,0,0
"heritibility",3,1,0,0,0,0
"hes",0,0,1,0,0,0
"hete",0,0,0,1,0,0
"heterogeneous",0,0,1,0,0,0
"hiding",0,0,1,0,0,0
"high",0,0,0,11,0,0
"higher",0,0,0,2,0,0
"highl…",1,0,0,0,0,0
"highlighting",1,0,0,0,0,0
"highly",0,1,0,0,0,0
"hippa",0,1,0,0,0,0
"histology",1,0,0,0,0,0
"history",1,5,0,0,0,0
"hitting",1,0,0,0,0,0
"hla",0,0,3,0,0,0
"hlait’s",0,0,3,0,0,0
"hobbs",0,0,0,1,0,0
"home",3,2,0,0,0,0
"honestly",0,0,1,0,0,0
"hopkinsim",1,0,0,0,0,0
"hotel",0,1,0,0,0,0
"hour",1,0,0,0,0,0
"hours",0,1,1,0,0,0
"howgot",1,0,0,0,0,0
"howloci",0,0,11,0,0,0
"ht…",4,0,0,0,0,0
"http…",2,0,0,0,0,0
"huge",0,0,0,1,0,0
"human",31,1,1,3,0,0
"hypomorphic",2,0,0,0,0,0
"hypothesis",0,0,0,2,0,0
"hypoxia",1,0,0,0,0,0
"ice",1,0,0,0,0,0
"idea",3,0,0,0,0,0
"ideas",1,0,0,0,0,0
"identification",3,0,0,0,0,0
"identify",5,0,0,0,0,0
"ifmisdiagnosed",0,1,0,0,0,0
"ill",1,0,0,0,0,0
"illuminaashg",0,1,0,0,0,0
"illuminalive",0,1,0,0,0,0
"imagine",1,0,0,0,0,0
"imin",0,0,0,1,0,0
"immediately",2,0,0,0,0,0
"immense",0,0,1,0,0,0
"immortal",1,0,0,0,0,0
"imp",3,0,0,0,0,0
"imperfect",2,0,0,0,0,0
"implementation",1,0,0,0,0,0
"importa…",1,0,0,0,0,0
"important",2,1,0,0,0,0
"improve",1,0,0,0,0,0
"inactivation",1,0,0,0,0,0
"include",2,0,0,0,0,0
"includeexomes",6,0,0,0,0,0
"including",1,1,0,0,0,0
"india",1,0,0,0,0,0
"indians",1,0,0,0,0,0
"individual",0,0,1,0,0,0
"industry",1,0,0,0,0,0
"inenhancersashg",1,0,0,0,0,0
"infer",2,0,0,0,0,0
"inferring",1,0,0,0,0,0
"information",1,0,0,0,0,0
"infothe",1,0,0,0,0,0
"inmillion",0,1,0,0,0,0
"inminutes",1,0,0,0,0,0
"inside",0,0,0,1,0,0
"inspired",1,0,0,0,0,0
"inspiring",1,0,0,0,0,0
"integrated",1,0,0,0,0,0
"integration",1,0,0,1,0,0
"interest",3,0,0,0,0,0
"interested",8,0,0,0,0,0
"interesting",0,0,0,3,0,0
"interestingtitle",0,0,1,0,0,0
"intermission",1,0,0,0,0,0
"internet",0,0,0,3,0,0
"interpreting",3,0,0,0,0,0
"introduce",2,0,0,0,0,0
"investigating",1,0,0,0,0,0
"invitingsuch",1,0,0,0,0,0
"involved",1,0,0,0,0,0
"irb",2,1,0,0,0,0
"isbp",1,0,0,0,0,0
"ish",0,1,0,0,0,0
"isnt",0,1,0,0,0,0
"isoseq",1,0,0,0,0,0
"issues",3,0,0,0,0,0
"itsallinthefigures",0,1,0,0,0,0
"jackets",3,0,0,0,0,0
"jazzy",3,0,0,0,0,0
"jet",1,1,0,0,0,0
"jetlagged",0,3,0,0,0,0
"jim",0,2,0,0,0,0
"jnovembre",1,0,0,0,0,0
"john",1,0,0,0,0,0
"join",6,0,0,0,0,0
"joint",3,0,0,0,0,0
"journal",3,0,0,0,0,0
"joy",6,0,0,0,0,0
"just",13,0,0,2,0,1
"justin",1,0,0,1,0,0
"keen",1,0,0,0,0,0
"key",3,0,0,0,0,0
"keynote",1,0,0,0,0,0
"kgenomesproject",0,1,0,0,0,0
"kick",8,0,0,0,0,0
"kicking",3,0,0,0,0,0
"knocked",1,0,0,0,0,0
"knockout",1,0,0,0,0,0
"know",8,0,0,0,0,0
"knowledge",4,0,0,0,0,0
"kos",1,0,0,0,0,0
"kym",1,0,0,0,0,0
"lab",10,0,0,0,0,0
"labs",1,0,0,0,0,0
"lag",1,1,0,0,0,0
"large",1,0,1,0,0,0
"last",2,0,0,0,0,0
"lastminute",1,0,0,0,0,0
"lasttalksashg",1,0,0,0,0,0
"later",1,0,0,0,0,0
"latest",1,0,0,0,0,0
"launched",3,0,0,0,0,0
"ldl",2,0,0,0,0,0
"lead",2,0,0,1,0,0
"leaders",3,0,0,0,0,0
"leadership",1,0,0,0,0,0
"learn",1,0,1,0,0,0
"learning",1,0,0,0,0,0
"leaves",0,1,0,0,0,0
"left",0,1,0,0,0,0
"len…",7,0,0,0,0,0
"length",1,0,0,0,0,0
"lessons",2,0,0,0,0,0
"lethal",3,0,0,0,0,0
"lets",23,3,0,0,0,0
"level",0,0,0,1,0,0
"levelbefore",1,0,1,0,0,0
"levelwe",1,0,0,0,0,0
"levelwhen",0,1,0,0,0,0
"life",0,0,0,2,0,0
"lightning",1,0,0,0,0,0
"like",41,0,0,0,0,0
"likeinsight",1,0,0,0,0,0
"likely",0,0,0,1,0,0
"limit",0,1,0,0,0,0
"lineages",1,0,0,0,0,0
"lines–get",0,0,2,0,0,0
"linked",2,0,0,0,0,0
"list",3,1,0,0,0,0
"listed",1,0,0,0,0,0
"listen",4,0,0,0,0,0
"lit",0,1,0,0,0,0
"little",1,2,3,0,0,0
"live",14,0,0,0,0,0
"local",0,1,0,0,0,0
"loci",1,0,4,0,0,0
"lof",0,0,0,1,0,0
"lon",0,1,0,0,0,0
"long",0,0,1,0,0,0
"longitudinal",1,0,0,0,0,0
"look",6,0,0,0,0,0
"look…",1,0,0,0,0,0
"looking",9,0,0,0,0,0
"looks",17,0,0,0,0,0
"loss",0,0,0,2,0,0
"lot",0,0,0,2,4,0
"lots",1,0,0,1,0,0
"love",11,0,0,1,0,0
"lovely",1,0,0,0,0,0
"loving",4,0,0,0,0,0
"low",4,0,0,0,0,0
"lower",0,1,0,0,0,0
"lug",0,1,0,0,0,0
"lunch",2,2,0,0,0,0
"made",2,0,0,0,0,0
"main",3,0,1,0,0,0
"major",2,0,0,0,1,0
"make",25,0,0,0,0,0
"makegeneticsgreatagain",1,0,0,0,0,0
"makes",1,0,0,2,0,0
"making",6,0,0,3,0,0
"mammalian",1,0,0,0,0,0
"mammals",1,0,0,0,0,0
"mammoths",1,0,0,0,0,0
"man’s",0,5,0,0,0,0
"manhattan",0,1,0,0,0,0
"manner",1,0,0,0,0,0
"many",5,0,4,0,1,0
"manyget",2,0,0,0,0,0
"map",1,0,0,0,0,0
"marco",0,2,0,0,0,0
"markers",1,0,0,0,0,0
"marra",0,1,0,0,0,0
"marra…",0,1,0,0,0,0
"marvelous",0,0,1,0,0,0
"massive",1,0,0,0,0,0
"master",1,0,0,0,0,0
"maxellqwrgc",1,0,0,0,0,0
"may",1,0,0,0,0,0
"maybe",2,0,0,0,0,0
"mccusick",1,0,0,0,0,0
"mckusick",1,0,0,0,0,0
"mean",1,0,0,0,0,0
"meaningful",2,0,0,0,0,0
"means",2,0,0,0,0,0
"meat",2,0,0,0,0,0
"mechanismsof",1,0,0,0,0,0
"medicalization",1,0,0,0,0,0
"meet",2,1,1,0,0,0
"meeting",12,0,2,0,0,0
"meetings",6,0,0,0,0,0
"men",1,0,0,0,0,0
"mental",0,1,0,0,0,0
"mentioned",0,0,0,1,0,0
"merely",1,0,0,0,0,0
"metaanalysis",0,1,0,0,0,0
"methods",0,0,0,1,0,0
"mhc",0,0,1,0,0,0
"mice",5,0,0,0,0,0
"middle",3,0,0,0,0,0
"might",2,1,0,0,0,0
"min",1,0,0,0,0,0
"mining",2,0,0,0,0,0
"minority",1,0,0,0,0,0
"minute",1,0,0,0,0,0
"mired",1,0,0,0,0,0
"misdiagnosis",1,1,0,0,0,0
"miss",1,0,0,0,0,0
"missing",2,1,0,0,0,0
"mitochondrial",1,0,0,0,0,0
"mitral",1,0,0,0,0,0
"model",2,0,0,0,0,0
"models",0,0,0,2,0,0
"moment",0,1,0,0,0,0
"monthly",4,0,0,0,0,0
"morbid",0,0,0,0,0,1
"moredo",1,0,0,0,0,0
"morning",9,4,0,0,0,0
"motivate",1,0,0,0,0,0
"motulsky",1,0,0,0,0,0
"mouse",6,0,0,2,0,0
"mouseashg",1,0,0,0,0,0
"movie",10,0,0,0,0,0
"ms…",1,0,0,0,0,0
"msashg",1,0,0,0,0,0
"much",4,0,0,0,0,0
"mugs",0,1,0,0,0,0
"mult",1,0,0,0,0,0
"multiple",1,0,15,0,0,0
"multiplesclerosisone",1,0,0,0,0,0
"muscle",1,0,0,0,0,0
"music",2,0,0,0,0,0
"must",0,0,5,0,0,0
"mutation",1,0,0,0,0,0
"mutations",1,0,2,1,0,0
"myl",1,0,0,0,0,0
"myosin",3,0,0,0,0,0
"narrow",3,0,0,0,0,0
"narrowsense",3,0,0,0,0,0
"nat",1,0,0,0,0,0
"nation",0,0,0,0,2,0
"nations",4,0,2,0,0,0
"native",1,0,0,0,0,0
"nature",9,0,0,0,0,0
"navigating",0,1,0,0,0,0
"near",5,0,0,0,0,0
"nearly",4,0,0,0,0,0
"necessary",1,0,0,0,0,0
"need",7,0,0,0,0,0
"network",2,0,0,1,0,0
"never",0,1,0,0,0,0
"new",24,0,5,0,0,0
"news",1,0,0,0,0,0
"next",3,0,0,0,0,0
"nice",2,0,0,1,2,0
"nicely",1,0,0,0,0,0
"nicenew",1,0,0,0,0,0
"nick",0,0,1,0,0,0
"night’s",2,0,0,0,0,0
"nikolaos",1,0,1,0,0,0
"nirvana",0,6,0,0,0,0
"nod",1,0,0,0,0,0
"noin",0,2,0,0,0,0
"non",0,0,2,0,0,0
"norm",0,0,1,0,0,0
"norm…",0,0,3,0,0,0
"normal",1,0,0,0,0,0
"note",1,0,0,0,0,0
"nothing",2,0,0,0,0,0
"novembre",1,0,0,0,0,0
"now",6,0,1,0,2,0
"npgenome",0,0,1,0,0,0
"nptalk",0,0,3,0,0,0
"ntehrs",1,0,0,0,0,0
"ntis",1,0,0,0,0,0
"ntlets",0,1,0,0,0,0
"nucleus",1,0,0,0,0,0
"number",0,0,0,2,0,0
"observed",2,0,0,0,0,0
"october",1,0,0,0,0,0
"oddly",0,0,0,0,1,0
"office",2,0,0,0,0,0
"officially",0,0,0,0,4,0
"often",1,2,0,0,0,0
"old",1,1,0,0,0,0
"one",10,6,0,0,0,0
"ones",2,0,0,0,0,0
"online…",1,0,0,0,0,0
"onlyashg",0,1,0,0,0,0
"onlyboxesbooks",0,1,0,0,0,0
"onphenotypes",0,1,0,0,0,0
"onso",12,0,0,0,0,0
"open",0,2,0,0,0,0
"opening",7,0,7,0,2,0
"operationashg",1,0,0,0,0,0
"opinion",3,0,0,0,0,0
"organ",0,0,0,0,1,0
"organized",1,0,0,0,0,0
"orkin",1,0,0,5,0,0
"others",2,0,0,0,0,0
"outside",2,0,0,0,0,0
"outwardly",1,0,0,0,0,0
"overestimated",1,0,0,0,0,0
"overexpression",1,0,0,0,0,0
"overload",1,0,0,0,0,0
"overtime",1,0,0,0,0,0
"pain",2,0,0,0,0,0
"panel",2,0,0,1,0,0
"panoramic",0,0,1,0,0,0
"paperless",1,0,0,0,0,0
"part",0,0,0,0,2,0
"party",0,1,0,0,0,0
"passed",2,0,0,0,0,0
"passing",1,0,0,0,0,0
"past",0,1,0,0,0,0
"paternity",1,0,0,0,0,0
"pathsfew",0,1,0,0,0,0
"patient",1,0,0,0,0,0
"patients",2,3,0,0,0,0
"patientsincluded",1,0,0,0,0,0
"patriotic",1,0,0,0,0,0
"patsopoulos",0,1,4,0,0,0
"patsopoulosloci",0,0,3,0,0,0
"patsopuloson",1,0,0,0,0,0
"paying",2,0,0,0,0,0
"pcsk",2,0,1,0,0,0
"pdfs",1,0,0,0,0,0
"peaks",2,0,0,0,0,0
"pedigrees",1,0,0,0,0,0
"peeps",0,1,0,0,0,0
"pen",1,0,0,0,0,0
"people",6,0,0,3,1,0
"per",0,0,1,0,0,0
"perception",0,0,0,1,0,0
"perfect",1,0,0,0,0,0
"periods",1,0,0,0,0,0
"person",2,0,0,1,0,0
"personalized",0,0,0,0,1,0
"personally",1,0,0,0,0,0
"perspective",2,0,0,0,0,0
"pervasive",1,0,0,0,0,0
"pgmnr",1,0,0,0,0,0
"pgrnmtg",2,1,0,0,0,0
"pgx",1,0,0,0,0,0
"pharmacogenomic",1,0,0,0,0,0
"phd",0,0,0,1,0,0
"pheno",1,0,0,0,0,0
"phenotype",1,0,1,0,0,0
"phenotypes",1,0,0,0,0,0
"phospho",1,0,0,0,0,0
"photo",1,0,0,0,0,0
"physiology",1,0,0,0,0,0
"pick",5,0,0,1,0,0
"pie",0,6,0,0,0,0
"pipeline",1,0,0,0,0,0
"pizza",9,0,0,0,0,0
"plan",1,0,0,0,0,0
"planning",3,0,0,0,0,0
"plastic",1,0,0,0,0,0
"please",8,0,0,0,0,0
"plenaries",2,0,0,0,0,0
"plenary",7,0,0,0,0,0
"plots",0,1,0,0,0,0
"pnw",1,0,0,0,0,0
"point",2,0,0,0,0,0
"polderman",0,1,0,0,0,0
"polgrelated",1,0,0,0,0,0
"politicalhumor",2,0,0,0,0,0
"poor",0,5,0,0,0,0
"poorly",1,0,0,0,0,0
"popcorn",9,0,0,0,0,0
"populations",0,0,0,2,0,0
"portal",4,0,0,0,0,0
"portfolio",3,0,0,0,0,0
"positions",0,1,0,0,0,0
"postdoc",0,1,0,0,0,0
"postdocs",1,0,0,3,0,0
"poster",16,0,1,0,0,1
"posters",13,0,0,0,0,0
"practice",1,0,0,0,0,0
"predicted",1,0,0,0,0,0
"predictions",5,0,0,0,0,0
"predictionshkac",1,0,0,0,0,0
"prefer",2,0,0,0,0,0
"preferred",1,0,0,0,0,0
"preprint",1,0,0,0,0,0
"presence",2,0,0,0,0,0
"present",0,0,7,0,0,0
"presentation",2,0,0,0,0,0
"presentationhint",1,0,0,0,0,0
"presented",12,0,0,0,0,0
"presenting",1,0,0,0,0,0
"president",3,0,0,0,0,0
"presidential",13,0,0,2,0,0
"pretend",1,0,0,0,0,0
"pretty",2,0,3,0,4,0
"prevent",0,0,0,1,0,0
"previews",9,0,0,0,0,0
"prez",1,0,0,3,0,0
"primarily",1,0,0,0,0,0
"print",1,0,0,0,0,0
"prize",1,0,0,0,0,0
"prob",1,0,0,0,0,0
"problems",1,0,0,0,0,0
"producing",1,0,0,0,0,0
"product",1,0,0,0,0,0
"prof",2,0,0,0,0,0
"profiling",1,0,0,0,0,0
"program",2,0,0,0,2,0
"programming",0,1,0,0,0,0
"prolapse",1,0,0,0,0,0
"properly",0,0,0,0,1,0
"proposes",0,1,0,0,0,0
"pros",1,0,0,0,0,0
"protect",2,0,0,0,0,0
"protective",3,0,0,0,0,0
"proud",4,0,0,0,0,0
"published",0,1,0,0,0,0
"puget",0,1,0,0,0,0
"puzzle",0,0,17,0,0,0
"quality",1,0,0,1,0,0
"question",3,1,0,0,0,0
"questions",1,0,0,0,0,0
"quite",1,0,0,0,0,0
"qwrgc",5,0,1,0,0,0
"racism",13,0,0,0,0,0
"ran",1,0,0,0,0,0
"rare",1,0,1,0,0,0
"rarely",1,0,0,0,0,0
"rate",6,0,0,0,0,0
"rave",1,0,0,0,0,0
"rcolleagues",2,0,0,0,0,0
"reach",0,6,0,0,0,0
"reaction",1,0,0,0,0,0
"read",1,0,0,3,0,0
"ready",1,3,0,0,0,0
"real",0,0,1,0,0,0
"reality",3,0,0,0,0,0
"realized",1,0,0,0,0,0
"really",1,0,1,1,0,0
"reanalyzingdatabases",1,0,0,0,0,0
"reason",1,0,0,0,0,0
"reasons",1,0,0,0,0,0
"receive",1,0,0,0,0,0
"received",1,0,0,0,0,0
"recent",2,0,0,0,0,0
"reception",4,0,0,0,0,0
"recipient",1,0,0,0,0,0
"recognize",1,0,0,0,0,0
"recommend",0,1,0,0,0,0
"recommendations",1,0,0,0,0,0
"recontacting",1,0,0,0,0,0
"record",1,0,0,0,0,0
"records",5,1,0,0,0,0
"recruiting",0,0,0,3,0,0
"reduction",1,0,0,0,0,0
"reference",1,0,0,0,0,0
"reg",2,0,0,0,0,0
"regi…",0,1,0,0,0,0
"regions",0,1,0,0,0,0
"registration",0,3,1,0,0,0
"regulation",1,0,0,3,0,0
"regulatory",0,0,1,0,0,0
"related",2,0,0,0,0,0
"relatedness",1,0,0,0,0,0
"relationship",3,0,0,0,0,0
"relationships",6,0,0,0,0,0
"relationshipssounds",2,0,0,0,0,0
"relevant",4,0,0,0,0,0
"reliabile",1,0,0,0,0,0
"reliable",1,0,0,0,0,0
"rels",1,0,0,0,0,0
"rely",1,0,0,0,0,0
"remained",1,0,0,0,0,0
"remains",0,0,0,1,0,0
"remarkable",3,0,0,0,0,0
"remarks",1,0,0,0,0,0
"remember",0,3,0,0,0,0
"reminder",4,0,0,0,0,0
"reminds",1,0,0,0,0,0
"remotely",3,0,0,0,0,0
"removed",0,1,0,0,0,0
"rep",0,0,0,0,0,1
"reporter",0,0,0,0,1,0
"representatives",0,0,0,0,2,0
"represents",1,0,0,0,0,0
"rescue",2,0,0,0,0,0
"research",1,1,1,0,0,0
"researcher",1,0,0,0,0,0
"resistant",0,0,0,0,1,0
"respect",2,0,0,0,0,0
"respond",1,0,0,0,0,0
"resting",1,0,0,0,0,0
"results",3,0,1,0,0,0
"return",0,1,0,0,0,0
"reviewers",1,0,0,0,0,0
"rhymes",0,2,0,0,0,0
"rickrollkiddingnothing",1,0,0,0,0,0
"rid",0,1,0,0,0,0
"right",0,0,0,0,2,0
"risk",4,0,0,0,0,0
"rmnow",1,0,0,0,0,0
"rmthe",1,0,0,0,0,0
"rna",1,0,0,0,0,0
"rnau",1,0,0,0,0,0
"roadmap",1,0,0,0,0,0
"roche",4,0,0,0,0,0
"room",1,0,0,0,0,0
"rooms",0,1,0,0,0,0
"root",2,1,0,0,0,0
"rotor",0,1,0,0,0,0
"round",1,0,0,0,0,0
"route",1,0,0,0,0,0
"row",0,0,0,0,0,1
"rsbut",0,0,0,1,0,0
"rush",1,0,0,0,0,0
"rushing",0,2,0,0,0,0
"sad",0,1,0,0,0,0
"said",1,0,0,0,0,0
"sample",0,0,1,0,0,0
"san",1,0,0,0,0,0
"sandwich",3,0,0,0,0,0
"sardinia",1,0,0,0,0,0
"scenery",1,0,0,0,0,0
"schedule",4,2,0,0,0,0
"scholarship",15,0,0,0,0,0
"school",0,0,0,1,0,0
"science",3,0,0,0,1,0
"science…",0,1,0,0,0,0
"scientists",2,0,0,0,0,0
"scler…",0,0,6,0,0,0
"sclerosis",1,0,8,0,0,0
"sclerosisimsgc",0,0,1,0,0,0
"scored",1,0,0,0,0,0
"scores",1,0,0,0,0,0
"scoring",1,0,0,0,0,0
"screen",1,0,1,0,0,0
"screenashg",0,5,0,0,0,0
"sean",0,2,0,0,0,0
"season",3,0,0,0,0,0
"seat",2,0,0,0,0,0
"second",3,0,0,0,0,0
"sections",0,0,0,1,0,0
"security",1,0,0,0,0,0
"see",7,2,1,0,1,0
"seen",0,0,0,1,4,0
"selected",1,0,0,0,0,0
"selection",0,0,0,1,0,0
"selectively",2,0,0,0,0,0
"self",1,0,0,0,0,0
"selfreport",1,0,0,0,0,0
"sense",6,0,0,0,0,0
"seq",1,0,0,0,0,0
"sequences",1,0,0,0,0,0
"sequencing",6,0,0,0,0,0
"service",1,0,0,0,0,0
"services",1,0,0,0,0,0
"serving",9,0,0,0,0,0
"session",7,2,0,0,0,0
"sessions",1,2,0,0,0,0
"sessionway",1,0,0,0,0,0
"set",8,0,0,0,0,0
"sets",5,0,0,1,0,0
"setting",1,0,0,0,0,0
"setup",0,0,0,1,0,0
"sex",0,1,0,1,0,0
"sgs",0,0,0,2,0,0
"shame",0,1,0,0,0,0
"shamelessplug",0,0,1,0,0,0
"share",1,0,0,0,0,0
"sharedit",3,0,0,0,0,0
"sharing",7,0,1,0,0,0
"shenanigans",0,0,0,1,0,0
"shortest",0,0,0,1,0,0
"shortly",1,0,0,0,0,0
"shoutout",0,0,0,3,0,0
"show",4,0,0,2,0,0
"showing",5,0,0,0,0,0
"shows",4,0,0,0,0,0
"side",2,0,0,0,0,0
"sigh",0,0,0,1,0,0
"sight",1,0,0,0,0,0
"signal",0,1,0,0,0,0
"signaling",0,0,0,1,0,0
"signed",0,4,0,0,0,0
"signif",0,1,0,0,0,0
"significance",3,0,0,0,0,0
"silvia",0,0,0,2,0,0
"similar",1,0,0,0,0,0
"similarity",1,0,0,0,0,0
"single",1,0,0,0,0,0
"sitting",0,0,0,0,2,0
"sizes",0,1,0,0,0,0
"ski",3,0,0,1,0,1
"skipped",0,0,3,0,0,0
"slides",1,0,0,0,0,0
"slow",0,0,1,0,0,0
"smad",1,0,0,0,0,0
"smads",0,0,0,0,0,1
"small",0,1,0,0,0,0
"smallest",1,0,0,0,0,0
"smooth",1,0,0,0,0,0
"snp",0,0,1,0,0,0
"snps",0,1,0,0,0,0
"social",6,0,0,0,0,0
"solving",0,0,1,0,0,0
"someone",1,0,0,0,0,0
"soon",2,0,0,0,0,0
"sorry",0,1,0,0,0,0
"soundaw",0,1,0,0,0,0
"sounds",1,0,0,0,0,0
"source",1,0,0,0,0,0
"space",1,0,0,0,0,0
"speaker",2,0,0,0,0,0
"speakers",1,0,0,0,0,0
"speaking",3,0,0,0,0,0
"speaks",2,0,0,0,0,0
"species",1,0,0,0,0,0
"spectacular",1,0,0,0,0,0
"spent",1,0,0,1,0,0
"spirit",4,0,0,0,0,0
"spliceosome",1,0,0,0,0,0
"splicing",1,0,0,0,0,0
"springer",3,0,0,0,0,0
"sprouts",0,0,0,1,0,0
"squamish",2,0,0,0,0,0
"stage",0,0,0,0,9,0
"stained",1,0,0,0,0,0
"stan",1,0,0,0,1,0
"stands",1,0,0,0,0,0
"stanley",1,0,0,0,0,0
"staples",1,0,0,0,0,0
"starch",0,0,0,2,0,0
"start",12,0,2,0,0,0
"started",0,2,0,0,4,0
"starting",3,0,0,0,0,0
"state",0,6,0,0,0,0
"statements",1,0,0,0,0,0
"states",6,0,0,0,0,0
"stay",0,0,1,0,0,0
"steeped",13,0,0,0,0,0
"stem",1,0,0,0,0,0
"stick",14,0,0,0,0,0
"still",1,2,0,0,0,0
"stim",1,0,0,0,0,0
"sto",1,0,0,0,0,0
"stop",3,0,0,0,0,0
"stories",1,0,0,0,0,0
"story",1,0,0,1,0,0
"strategy",0,0,0,2,0,0
"stratification",1,0,0,0,0,0
"strength",1,0,0,0,0,0
"strive",0,0,1,0,0,0
"stronger",7,0,0,0,0,0
"strongly",3,0,0,0,0,0
"stu",0,0,0,5,0,0
"students",1,0,0,0,0,0
"studentsashg",0,0,0,1,0,0
"studies",1,0,0,0,0,0
"study",1,2,0,0,0,0
"stuff",2,0,1,0,0,0
"submissions",0,0,4,0,0,0
"submit",1,0,0,0,0,0
"substatial",1,0,0,0,0,0
"subthreshold",0,0,1,0,0,0
"success",1,0,0,0,0,0
"sudden",1,0,0,0,0,0
"suggest",2,0,0,0,0,0
"suggests",0,0,0,1,0,0
"sunny",2,0,0,0,0,0
"super",2,0,0,0,0,0
"support",1,1,0,0,0,0
"supporting",1,0,0,0,0,0
"sure",1,0,0,0,0,0
"surprise",0,0,1,0,0,0
"surprised",0,0,7,0,0,0
"surprising",1,0,0,0,0,0
"svs",2,0,0,0,0,0
"sweet",1,0,0,0,0,0
"swing",2,3,1,0,0,0
"sydney",2,0,0,0,0,0
"symposium",1,0,0,0,0,0
"sync",2,0,0,0,0,0
"syndrome",0,1,0,0,0,0
"systems",1,0,0,0,0,0
"take",5,1,0,0,0,0
"taking",1,0,0,0,0,1
"talk",13,0,0,1,0,1
"talking",15,0,5,0,0,0
"talks",15,2,4,0,0,1
"talkstheyre",2,0,0,0,0,0
"target",1,0,1,0,0,0
"targets",1,0,0,0,0,0
"tasr",0,0,0,3,0,0
"taste",0,0,0,2,0,0
"tatonetti",2,0,0,0,0,0
"teams",0,0,1,0,0,0
"tearing",3,0,0,0,0,0
"tears",6,0,0,0,0,0
"tech",0,0,0,3,0,0
"tenure",0,1,0,0,0,0
"terrifying",0,0,3,0,0,0
"testing",1,0,0,0,0,0
"tgfb",0,0,0,1,0,0
"tgfß",2,0,0,3,0,0
"th…",1,0,0,0,0,0
"thank",0,2,0,3,0,0
"thanks",3,0,1,0,0,0
"thanksfor",1,0,0,0,0,0
"thanposterspresentations",0,1,0,0,0,0
"thanunique",1,0,0,0,0,0
"thats",3,0,0,0,0,0
"theannual",1,0,0,0,0,0
"theashg",0,1,0,0,0,0
"theory",2,0,0,0,0,0
"therapeutic",0,0,0,1,0,0
"therapy",0,0,0,0,1,0
"theres",1,0,0,0,0,0
"theyre",0,1,0,0,0,0
"thing",1,0,0,0,0,0
"thinks",0,0,0,0,1,0
"thisepistasis",1,0,0,0,0,0
"though",1,0,0,0,0,0
"throughout",1,0,0,0,0,0
"thrown",1,0,0,0,0,0
"thursday",1,0,0,0,0,0
"tibetan",0,0,0,1,0,0
"tied",1,0,0,0,0,0
"time",6,7,0,1,0,0
"tinker",2,0,0,0,0,0
"tip",1,0,0,1,0,0
"tired",0,0,0,0,0,1
"tissue",9,0,0,0,2,0
"title",3,0,0,1,0,0
"titlehumor",1,0,0,0,0,0
"titleloci",0,0,1,0,0,0
"tminusminute",0,1,0,0,0,0
"today",5,2,0,1,0,0
"todays",1,3,0,0,0,0
"together",21,0,0,0,0,0
"togetherashg",1,0,0,0,0,0
"tomo…",0,0,1,0,0,0
"tomorrow",6,3,1,0,0,0
"tonight",1,0,2,0,0,0
"tonight’s",2,0,0,0,0,0
"tons",1,0,0,0,0,0
"took",0,0,1,0,0,0
"top",0,0,1,0,0,0
"topic",1,0,0,0,0,0
"topolderman",0,1,0,0,0,0
"topped",1,0,0,0,0,0
"tospeak",1,0,0,0,0,0
"total",0,1,0,0,0,0
"totally",1,0,0,0,0,0
"touch",1,0,2,0,0,0
"track",0,1,0,0,0,0
"train",0,1,0,0,0,0
"trainees",1,0,0,0,0,0
"traits",3,0,0,0,0,0
"trans",1,0,0,0,0,0
"transcript",1,0,0,0,0,0
"transgenic",2,0,0,0,0,0
"treat",0,1,0,0,0,0
"treatment",0,0,0,1,0,0
"tremendousrelevance",0,1,0,0,0,0
"trip",0,1,0,0,0,0
"trivia",1,0,0,0,0,0
"trolled",1,0,0,0,0,0
"trump",1,0,0,0,0,0
"try",2,0,1,0,0,0
"trying",2,0,0,0,0,0
"tsa",2,0,0,0,0,0
"tshirt",3,0,0,0,0,0
"tuesday",2,0,0,0,0,0
"turn",0,0,0,0,0,2
"tvs",1,0,0,0,0,0
"tw…",1,0,0,0,0,0
"tweeting",1,0,0,0,0,0
"tweetsthis",1,0,0,0,0,0
"twitter",2,0,0,0,0,0
"twitterbut",0,0,0,0,1,0
"tying",1,0,0,0,0,0
"ugly",0,0,0,0,4,0
"uncontroversial",1,0,0,0,0,0
"understand",1,0,0,0,0,0
"unequivocal",0,1,0,0,0,0
"unified",1,0,0,0,0,0
"unknown",3,0,0,0,0,0
"unveil",4,0,0,0,0,0
"updates",5,0,0,0,0,0
"upenn",0,0,0,1,0,0
"upregulation",2,0,0,0,0,0
"upyou",3,0,0,0,0,0
"usage",2,0,0,0,0,0
"use",15,0,0,0,0,0
"used",2,0,0,0,0,0
"useful",1,0,0,0,0,0
"using",3,0,1,1,0,0
"usual",1,0,0,0,0,0
"validation",2,0,0,0,0,0
"value",1,0,0,0,0,0
"valve",1,0,0,0,0,0
"vancouver",21,3,3,0,0,1
"vancouverpassing",1,0,0,0,0,0
"variant",2,0,0,1,0,0
"variants",5,0,0,1,0,0
"vascular",1,0,0,0,0,0
"vasculopathies",2,0,0,0,0,0
"vcc",1,0,0,0,0,0
"venn",0,6,0,0,4,0
"venue",4,0,0,0,0,0
"verifyall",1,0,0,0,0,0
"version",1,0,0,0,0,0
"virtual",3,0,0,0,0,0
"vision",3,0,0,0,0,0
"visit",0,2,0,0,0,0
"visitors",2,0,0,0,0,0
"vivo",5,0,0,0,0,0
"vulnerability",1,0,0,0,0,0
"wait",1,0,0,0,0,0
"walk",3,0,0,0,0,0
"wall",4,0,0,0,0,0
"walls",3,0,0,0,0,0
"want",6,0,0,0,0,0
"warm",1,0,0,0,0,0
"warning",0,0,1,0,0,0
"watc…",0,2,0,0,0,0
"watch",1,1,0,0,0,0
"waterfront",1,0,0,0,0,0
"way",5,0,1,0,0,0
"wbar",0,0,1,0,0,0
"wea…",1,0,0,0,0,0
"weakness",1,0,0,0,0,0
"weather",1,0,0,0,0,0
"weather…",1,0,0,0,0,0
"webcast",4,0,0,0,0,0
"website",1,0,0,0,0,0
"weeklystaff",1,0,0,0,0,0
"weibo",1,0,0,0,0,0
"weight",0,2,0,0,0,0
"welcome",6,0,0,0,0,0
"well",4,0,0,0,0,0
"went",1,0,0,0,0,0
"west",2,0,0,0,0,0
"wet",3,0,0,0,0,0
"wetotally",1,0,0,0,0,0
"weve",1,0,0,0,0,0
"whether",3,0,0,0,0,0
"whole",1,5,0,0,0,0
"whos",1,0,0,0,0,0
"wide",0,0,2,0,0,0
"wifi",0,0,1,0,0,0
"will",9,6,1,2,0,0
"willstop",2,0,0,0,0,0
"win",0,2,0,0,0,0
"winning",0,0,1,0,0,0
"wish",2,1,0,0,0,0
"withenhancers",1,0,0,0,0,0
"withfor",1,0,0,0,0,0
"without",0,0,0,0,1,0
"witness",0,0,0,0,1,0
"women",1,0,0,0,0,0
"wonder",2,0,5,0,0,0
"wonderful",0,0,4,0,0,0
"wondering",1,0,0,0,0,0
"wont",3,0,0,0,0,0
"wordforword",1,0,0,0,0,0
"words",1,0,0,0,0,0
"work",11,0,0,0,0,0
"workhave",1,0,0,0,0,0
"working",0,0,1,0,0,0
"works",1,0,0,0,0,0
"workshop",1,2,0,0,0,0
"wouldn’t",1,0,0,0,0,0
"wrangling",1,0,0,0,0,0
"yeah",0,1,0,0,0,0
"year",4,1,0,0,0,0
"yes",2,0,0,0,0,0
"yesterday",0,0,1,0,0,0
"yet",1,0,0,0,0,0
"youd",1,0,0,0,0,0
"youre",3,0,0,0,0,0
"ytheres",1,0,0,0,0,0
